[
  {
    "id":1,
    "firstName":"Anjali",
    "lastName":"Sharma",
    "streetAddr":"4915 Brook Hills Dr.",
    "city":"Annandale",
    "state":"VA",
    "zip":"22003",
    "phone":"703-728-1187",
    "email":"asharm32@gmu.edu",
    "dtSurvey":"2023-07-20",
    "mostLiked":"students, location, campus,atmosphere, dorm rooms, and sports",
    "interestSource":"Friends",
    "likelyToRecommend":"Very Likely",
    "comments":"Thank you for your time. I had a great experience."
  },
  {
    "id":2,
    "firstName":"Govind",
    "lastName":"Sharma",
    "streetAddr":"1234 Brook Hills Dr.",
    "city":"Annandale",
    "state":"VA",
    "zip":"22003",
    "phone":"123-456-7890",
    "email":"govind@gmu.edu",
    "dtSurvey":"2023-07-20",
    "mostLiked":"rooms, sports",
    "interestSource":"Internet",
    "likelyToRecommend":"Very Likely",
    "comments":"Thank you for your time. Great place to study."
  },
  {
    "id":3,
    "firstName":"Rachna",
    "lastName":"Rachna",
    "streetAddr":"1234 New Hills Dr.",
    "city":"Ashburn",
    "state":"VA",
    "zip":"20147",
    "phone":"100-456-7890",
    "email":"rachna@gmu.edu",
    "dtSurvey":"2023-07-21",
    "mostLiked":"campus,atmosphere,",
    "interestSource":"Friends",
    "likelyToRecommend":"Likely",
    "comments":"Nive to meet you all. Wonderful experience."
  },
  {
    "id":4,
    "firstName":"Shreyas",
    "lastName":"Mallya",
    "streetAddr":"1234 Nice Hills Dr.",
    "city":"San Francisco",
    "state":"CA",
    "zip":"94016",
    "phone":"900-456-7890",
    "email":"shreyas@gmu.edu",
    "dtSurvey":"2023-07-20",
    "mostLiked":"students, location",
    "interestSource":"Internet",
    "likelyToRecommend":"Very Likely",
    "comments":"Thank you for your time. Great place to study."
  },
  {
    "id":5,
    "firstName":"Ashish",
    "lastName":"Upadhyays",
    "streetAddr":"1234 Hilton Hills Dr.",
    "city":"Annandale",
    "state":"VA",
    "zip":"22003",
    "phone":"321-456-7890",
    "email":"ashish@gmu.edu",
    "dtSurvey":"2023-07-22",
    "mostLiked":"students, location, campus,atmosphere",
    "interestSource":"Other",
    "likelyToRecommend":"Likely",
    "comments":"Thank you for your time."
  },
  {
    "id":6,
    "firstName":"Mark",
    "lastName":"Phillip",
    "streetAddr":"7891 Berkely Road",
    "city":"Alexandria",
    "state":"VA",
    "zip":"22206",
    "phone":"789-456-7890",
    "email":"mark@gmu.edu",
    "dtSurvey":"2023-07-20",
    "mostLiked":"students, location, sports",
    "interestSource":"Internet",
    "likelyToRecommend":"Very Likely",
    "comments":"Thank you for your time. Great place to study."
  }
]

